mean_fit_time,mean_score_time,mean_test_score,mean_train_score,param_alpha,param_eta0,param_fit_intercept,param_max_iter,param_penalty,param_random_state,param_shuffle,param_tol,rank_test_score,split0_test_score,split0_train_score,split1_test_score,split1_train_score,split2_test_score,split2_train_score,split3_test_score,split3_train_score,split4_test_score,split4_train_score,std_fit_time,std_score_time,std_test_score,std_train_score
0.0036079883575439453,0.000788736343383789,0.62,0.6199999999999999,0.0001,0.5,False,100,,12345,False,0.001,3,0.7,0.7,0.7,0.7,0.7,0.7,0.7,0.7,0.3,0.3,0.0011361028208488869,0.00022309291073819396,0.15999999999999998,0.15999999999999998
0.024506187438964842,0.00619359016418457,0.7,0.7,0.005,1.5,False,50,elasticnet,12345,True,,1,0.7,0.7,0.7,0.7,0.7,0.7,0.7,0.7,0.7,0.7,0.003936337582790656,0.006983740713250757,0.0,0.0
0.002985858917236328,0.0005138874053955078,0.547,0.5427500000000001,0.001,0.5,False,10,,12345,True,,7,0.315,0.3075,0.7,0.7,0.32,0.30625,0.7,0.7,0.7,0.7,0.0001060493343999096,7.460025522844106e-06,0.1873926359278827,0.19259153667801704
0.0023869991302490233,0.0005061149597167969,0.62,0.6199999999999999,0.0001,0.5,True,1000,elasticnet,12345,False,0.001,3,0.7,0.7,0.7,0.7,0.7,0.7,0.7,0.7,0.3,0.3,8.024779790260777e-05,1.9156751085854214e-06,0.15999999999999998,0.15999999999999998
0.6304859638214111,0.0004688739776611328,0.7,0.7,0.005,1.5,False,8000,l2,12345,True,,1,0.7,0.7,0.7,0.7,0.7,0.7,0.7,0.7,0.7,0.7,0.09814448292991486,0.0001065998875803796,0.0,0.0
0.002284669876098633,0.0005278110504150391,0.62,0.6199999999999999,0.0001,0.5,False,8000,,12345,False,0.001,3,0.7,0.7,0.7,0.7,0.7,0.7,0.7,0.7,0.3,0.3,0.00015149662084844694,2.474109469299495e-05,0.15999999999999998,0.15999999999999998
0.11042704582214355,0.0005424022674560547,0.606,0.607,0.005,1,False,1000,,12345,True,,6,0.7,0.7,0.68,0.68875,0.705,0.70375,0.535,0.55375,0.41,0.38875,0.011177505084886531,0.000135861943975832,0.1162497311824849,0.12260607652151667
